torwatch,torwarn,weightfactor,lang
1,NA,0.535178,English
NA,2,0.010594,English
NA,2,0.02016,English
1,NA,1.765477,English
1,NA,1.328473,English
NA,3,1.709348,English
2,NA,1.765477,English
NA,2,1.090347,English
1,NA,1.561469,English
NA,2,1.419572,English
NA,2,0.648168,English
1,NA,1.394491,English
2,NA,1.262785,English
NA,2,0.540558,English
1,NA,1.402706,English
NA,2,0.540558,English
1,NA,0.579645,English
NA,2,0.823887,English
NA,1,1.186686,English
NA,2,0.579645,English
1,NA,1.095428,English
1,NA,2.0246,English
NA,2,0.786224,English
NA,2,1.709348,English
1,NA,0.526114,English
NA,2,0.593401,English
NA,2,0.038868,English
1,NA,0.786224,English
1,NA,0.579645,English
NA,2,1.754795,English
NA,2,1.754795,English
2,NA,4.062441,English
NA,2,0.579645,English
2,NA,3.043173,English
NA,2,1.940406,English
NA,1,1.402706,English
NA,2,1.33715,English
NA,2,0.590807,English
1,NA,0.579645,English
1,NA,2.802921,English
1,NA,0.579645,English
2,NA,0.579645,English
NA,2,1.244855,English
1,NA,1.095428,English
NA,2,2.0246,English
NA,1,1.263585,English
2,NA,2.315204,English
NA,1,1.244855,English
NA,2,1.095428,English
1,NA,1.244855,English
1,NA,2.315204,English
1,NA,2.0246,English
1,NA,1.244855,English
NA,2,0.590807,English
2,NA,0.611835,English
NA,2,0.728055,English
NA,1,0.611835,English
NA,2,0.7404,English
1,NA,1.050595,English
NA,2,0.7404,English
1,NA,0.590807,English
1,NA,1.402706,English
NA,2,2.766905,English
NA,2,1.095428,English
3,NA,1.105563,English
NA,2,1.437701,English
1,NA,1.244855,English
1,NA,0.984748,English
1,NA,0.579645,English
1,NA,0.786224,English
1,NA,1.064224,English
1,NA,1.101848,English
NA,2,0.579645,English
NA,2,4.697186,English
NA,2,2.909562,English
NA,2,1.561469,English
NA,2,1.709348,English
NA,1,4.858463,English
NA,2,1.402706,English
2,NA,0.27152,English
NA,2,1.437701,English
1,NA,0.540558,English
NA,2,1.627167,English
1,NA,2.766905,English
2,NA,0.740303,English
NA,NA,0.579645,English
NA,2,0.38886,English
1,NA,0.740303,English
1,NA,1.561469,English
2,NA,1.402706,English
NA,2,0.7404,English
1,NA,1.402706,English
NA,2,1.437701,English
NA,2,0.728055,English
NA,2,0.786224,English
NA,1,0.984748,English
NA,2,0.479538,English
NA,2,0.479538,English
NA,2,0.467797,English
2,NA,0.521367,English
3,NA,1.709348,English
1,NA,0.968729,English
NA,2,2.159746,English
2,NA,0.841543,English
1,NA,0.526114,English
2,NA,0.7404,English
NA,2,0.823887,English
NA,2,1.01092,English
1,NA,1.765477,English
NA,2,1.306155,English
NA,2,0.579645,English
NA,2,0.786224,English
1,NA,0.660751,English
NA,2,0.402214,English
NA,2,0.7404,English
1,NA,1.754795,English
1,NA,0.481,English
1,NA,0.823887,English
NA,2,1.709348,English
1,NA,1.561469,English
2,NA,0.540558,English
NA,2,0.648168,English
NA,2,0.038868,English
NA,2,2.0246,English
NA,2,2.47655,English
1,NA,0.479538,English
3,NA,2.766905,English
NA,2,0.579645,English
1,NA,3.136292,English
1,NA,1.402706,English
1,NA,1.463489,English
NA,2,0.484508,English
1,NA,1.437701,English
NA,1,0.786224,English
NA,2,1.627167,English
1,NA,1.090347,English
NA,2,0.743294,English
1,NA,1.709348,English
NA,2,1.437701,English
1,NA,1.244855,English
NA,2,0.546617,English
NA,2,0.283101,English
NA,2,0.606347,English
NA,2,1.437701,English
1,NA,0.180666,English
2,NA,1.393742,English
NA,2,0.539852,English
NA,1,0.34857,English
1,NA,0.526114,English
NA,2,0.740303,English
2,NA,1.754795,English
NA,2,0.984748,English
NA,2,0.484508,English
NA,2,1.107378,English
NA,2,1.244855,English
1,NA,0.786224,English
NA,1,0.371218,English
1,NA,1.561469,English
NA,2,1.095428,English
1,NA,4.135657,English
NA,1,0.808962,English
NA,2,1.402706,English
1,NA,0.823887,English
NA,3,0.7404,English
1,NA,2.285939,English
2,NA,0.034671,English
1,NA,0.579645,English
NA,2,0.579645,English
2,NA,0.225397,English
NA,1,0.526114,English
1,NA,0.743294,English
NA,1,0.7404,English
1,NA,0.984748,English
1,NA,2.802921,English
1,NA,1.095428,English
NA,2,2.766905,English
3,NA,2.47655,English
NA,2,0.984748,English
NA,2,0.740303,English
1,NA,1.33715,English
1,NA,0.370523,English
NA,2,0.614028,English
NA,2,0.098868,English
NA,2,1.179981,English
NA,2,1.101848,English
2,NA,0.107231,English
1,NA,0.980157,English
3,NA,0.723086,English
NA,2,0.019651,English
2,NA,0.206933,English
2,NA,0.695673,English
NA,2,0.535178,English
NA,2,1.262785,English
2,NA,7.99118,English
NA,2,0.618941,English
NA,2,0.325353,English
NA,2,0.290423,English
NA,2,0.793364,English
NA,1,0.35912,English
NA,2,1.064699,English
2,NA,0.025619,English
1,NA,0.717276,English
NA,2,0.087063,English
2,NA,0.290423,English
1,NA,0.34857,English
2,NA,0.754977,English
2,NA,1.069742,English
2,NA,3.043173,English
NA,2,1.627167,English
2,NA,1.189176,English
2,NA,0.540558,English
NA,2,1.825329,English
2,NA,1.296175,English
NA,2,1.50315,English
NA,1,1.296175,English
NA,2,1.709348,English
NA,1,1.825329,English
2,NA,0.346351,English
NA,1,0.614028,English
NA,2,0.907373,English
NA,3,1.999841,English
NA,2,0.523124,English
NA,2,1.657257,English
2,NA,0.661991,English
NA,2,0.113398,English
NA,2,0.469005,English
1,NA,1.262921,English
1,NA,1.528489,English
NA,1,0.083998,English
1,NA,2.315204,English
1,NA,0.176876,English
1,NA,0.447355,English
3,NA,0.066561,English
1,NA,0.087555,English
1,NA,0.098868,English
NA,3,0.635616,English
3,NA,1.185732,English
NA,2,0.0182,English
NA,2,1.613885,English
NA,2,0.754977,English
NA,2,0.505072,English
1,NA,0.02226,English
NA,2,1.029819,English
2,NA,0.521367,English
2,NA,1.189176,English
NA,2,0.433851,English
1,NA,0.176876,English
NA,2,0.081653,English
NA,2,0.277689,English
NA,1,0.121712,English
NA,2,0.907373,English
NA,2,0.34857,English
NA,1,0.635616,English
NA,1,0.103788,English
3,NA,0.323775,English
1,NA,0.402214,English
2,NA,1.657287,English
1,NA,0.660751,English
1,NA,0.008026,English
3,NA,0.579645,English
NA,2,0.528559,English
2,NA,0.061958,English
NA,3,2.114418,English
2,NA,0.69374,English
1,NA,1.095428,English
NA,3,0.490037,English
2,NA,0.579645,English
2,NA,0.614028,English
2,NA,0.614028,English
1,NA,0.915249,English
NA,2,2.537011,English
2,NA,0.067523,English
2,NA,1.069742,English
NA,2,0.287694,English
NA,2,0.391271,English
1,NA,0.083998,English
2,NA,0.287694,English
NA,NA,0.606347,English
NA,2,1.001785,English
NA,2,0.38908,English
1,NA,0.360774,English
NA,2,2.121495,English
NA,1,0.762157,English
NA,1,0.055217,English
1,NA,0.641627,English
NA,2,0.094918,English
NA,1,0.614028,English
NA,2,0.796323,English
NA,3,0.535257,English
1,NA,0.717276,English
1,NA,0.659205,English
1,NA,0.549405,English
NA,2,0.35912,English
NA,3,0.138597,English
NA,2,0.35912,English
NA,1,0.523124,English
1,NA,1.029819,English
NA,1,0.539852,English
1,NA,0.399902,English
NA,2,0.554093,English
NA,1,1.263585,English
1,NA,0.025619,English
NA,2,0.331113,English
NA,2,0.990728,English
NA,2,1.657287,English
1,NA,0.02079,English
NA,2,2.813104,English
2,NA,0.34857,English
2,NA,1.029819,English
NA,2,0.02079,English
2,NA,0.34857,English
1,NA,0.206933,English
NA,2,0.331113,English
2,NA,2.537011,English
3,NA,0.187208,English
1,NA,0.187208,English
NA,2,1.148625,English
NA,2,1.356713,English
1,NA,0.442304,English
NA,1,0.873831,English
2,NA,0.346351,English
2,NA,0.297874,English
NA,2,2.352793,English
NA,2,1.001785,English
NA,2,0.614028,English
NA,3,0.469005,English
NA,3,0.027054,English
NA,2,1.49461,English
NA,2,0.331113,English
1,NA,0.411644,English
1,NA,0.126906,English
1,NA,0.523124,English
NA,NA,4.076858,English
1,NA,1.999841,English
1,NA,0.065939,English
2,NA,0.754977,English
NA,2,0.783518,English
3,NA,0.391271,English
NA,2,0.661991,English
1,NA,1.642066,English
1,NA,0.098868,English
1,NA,0.408464,English
NA,2,0.075598,English
1,NA,0.641627,English
NA,2,0.331113,English
1,NA,1.359075,English
2,NA,0.349729,English
NA,2,0.075598,English
NA,2,0.360774,English
NA,2,0.103328,English
NA,2,0.206933,English
1,NA,0.728055,English
2,NA,0.088047,English
2,NA,0.00966,English
2,NA,1.528489,English
1,NA,1.291172,English
NA,2,0.717276,English
2,NA,0.102804,English
NA,3,1.262785,English
1,NA,0.290423,English
2,NA,0.523124,English
2,NA,1.765477,English
1,NA,0.907373,English
NA,2,1.105563,English
NA,2,0.490037,English
2,NA,1.420202,English
NA,2,0.206933,English
1,NA,0.661991,English
NA,2,0.717276,English
1,NA,0.234539,English
NA,2,0.34857,English
NA,2,0.582884,English
1,NA,0.34857,English
NA,2,0.177656,English
NA,2,1.029819,English
NA,1,0.126837,English
2,NA,0.083998,English
NA,2,1.296175,English
NA,2,0.35912,English
1,NA,1.185732,English
NA,2,1.244855,English
1,NA,1.49461,English
NA,2,0.796323,English
2,NA,0.529749,English
NA,2,1.801764,English
NA,2,1.186686,English
2,NA,0.447355,English
NA,2,0.360774,English
NA,2,0.287694,English
1,NA,0.984748,English
NA,3,0.572854,English
1,NA,0.214461,English
NA,2,0.717276,English
3,NA,0.762157,English
NA,2,0.346351,English
NA,2,1.179981,English
NA,2,1.179981,English
2,NA,0.206933,English
NA,3,1.069742,English
NA,2,0.234539,English
NA,2,0.34857,English
1,NA,1.657257,English
NA,2,0.145598,English
NA,1,1.179981,English
NA,2,1.069742,English
1,NA,0.178106,English
NA,2,2.909562,English
1,NA,0.593401,English
NA,2,0.481,English
NA,2,0.614028,English
1,NA,0.447355,English
1,NA,1.234686,English
NA,2,4.921395,English
NA,1,0.490037,English
NA,2,0.535257,English
NA,2,1.528489,English
1,NA,0.535257,English
NA,2,0.728055,English
2,NA,0.931537,English
NA,2,0.067523,English
NA,1,3.789164,English
1,NA,0.529749,English
1,NA,0.661991,English
1,NA,0.323775,English
1,NA,0.535178,English
NA,1,0.754977,English
NA,1,0.178106,English
1,NA,0.287694,English
NA,3,0.714011,English
NA,2,0.098868,English
1,NA,1.064699,English
2,NA,0.59271,English
NA,2,1.940406,English
2,NA,0.539852,English
2,NA,1.940406,English
NA,2,0.540558,English
1,NA,0.539852,English
1,NA,0.612277,English
3,NA,0.350555,English
NA,2,0.072659,English
1,NA,0.34857,English
1,NA,0.907373,English
NA,2,0.695673,English
1,NA,1.613885,English
1,NA,0.34857,English
NA,2,1.001785,English
1,NA,1.871483,English
NA,2,0.535178,English
NA,2,1.420202,English
NA,2,1.49461,English
1,NA,0.754977,English
1,NA,0.206933,English
NA,2,0.073217,English
1,NA,0.717276,English
NA,1,0.38886,English
NA,3,0.34857,English
NA,2,0.714011,English
2,NA,0.786224,English
1,NA,1.001785,English
NA,2,0.704221,English
NA,3,0.34857,English
NA,2,4.675436,English
2,NA,0.661991,English
NA,2,0.540558,English
NA,2,0.529749,English
NA,2,1.99271,English
NA,2,0.487458,English
2,NA,0.907373,English
NA,1,0.48887,English
1,NA,0.447355,English
3,NA,0.490037,English
2,NA,2.352793,English
NA,2,1.33715,English
NA,2,0.726937,English
1,NA,0.295422,English
2,NA,1.709348,English
2,NA,0.97327,English
NA,2,1.705043,English
NA,2,0.43114,English
3,NA,0.949496,English
1,NA,1.194246,English
NA,2,0.521367,English
NA,2,0.459156,English
NA,2,0.585384,English
NA,1,0.211855,English
NA,2,0.585384,English
NA,2,0.704221,English
1,NA,0.654599,English
1,NA,0.549405,English
NA,1,0.659205,English
1,NA,0.654599,English
NA,2,1.72809,English
2,NA,0.671341,English
NA,2,0.221491,English
1,NA,0.459156,English
NA,2,0.651099,English
NA,NA,0.539549,English
1,NA,0.227559,English
2,NA,0.604648,English
2,NA,0.420272,English
1,NA,0.522794,English
NA,2,0.843133,English
NA,2,1.092456,English
1,NA,0.521367,English
NA,2,0.967694,English
2,NA,0.411192,English
1,NA,0.674799,English
1,NA,0.837043,English
NA,2,0.666453,English
NA,3,1.393742,English
NA,2,0.585384,English
NA,1,0.435587,English
1,NA,1.142834,English
NA,2,0.949496,English
1,NA,1.779924,English
NA,2,0.704221,English
2,NA,0.295422,English
2,NA,0.604648,English
NA,2,0.308563,English
2,NA,0.475894,English
1,NA,0.320173,English
2,NA,0.518385,English
1,NA,1.649517,English
NA,2,0.653423,English
NA,2,0.580218,English
1,NA,0.762731,English
2,NA,0.458839,English
3,NA,0.549405,English
2,NA,0.659205,English
2,NA,1.142834,English
1,NA,1.649517,English
1,NA,0.707266,English
NA,2,0.420272,English
NA,2,1.228782,English
NA,3,0.459156,English
NA,2,1.142834,English
NA,2,0.269414,English
NA,2,0.521367,English
NA,3,0.593003,English
NA,2,0.221491,English
NA,2,0.539549,English
NA,1,1.384502,English
NA,2,0.309667,English
NA,2,0.522794,English
NA,2,0.221491,English
NA,2,0.967694,English
3,NA,0.659205,English
3,NA,0.420272,English
1,NA,3.201596,English
NA,NA,0.762731,English
NA,2,0.420272,English
1,NA,0.843133,English
2,NA,0.585384,English
1,NA,0.308563,English
NA,2,0.227559,English
2,NA,0.308563,English
1,NA,0.659205,English
NA,2,1.672552,English
2,NA,0.762854,English
NA,2,0.671,English
2,NA,1.705043,English
NA,2,0.654599,English
NA,2,0.45008,English
1,NA,0.41079,English
2,NA,0.420272,English
NA,2,0.420272,English
NA,2,0.843133,English
NA,2,0.459905,English
1,NA,2.946385,English
1,NA,0.604648,English
NA,1,0.633856,English
2,NA,0.940128,English
NA,2,0.303984,English
2,NA,0.632396,English
2,NA,0.658637,English
1,NA,0.204536,English
1,NA,0.458839,English
NA,NA,0.651099,English
NA,1,0.549405,English
3,NA,0.704221,English
NA,1,0.97327,English
NA,2,1.419572,English
2,NA,0.34221,English
3,NA,1.726445,English
NA,1,0.902996,English
2,NA,0.549405,English
NA,1,0.633856,English
2,NA,1.070023,English
1,NA,1.384502,English
2,NA,0.459156,English
1,NA,0.585384,English
NA,2,1.070023,English
NA,1,0.902996,English
1,NA,0.521367,English
2,NA,0.593003,English
NA,2,0.593401,English
1,NA,2.909562,English
1,NA,0.940128,English
NA,2,0.221491,English
3,NA,0.967694,English
2,NA,0.459156,English
NA,2,0.766905,English
NA,3,0.843133,English
1,NA,0.606347,English
1,NA,0.458839,English
1,NA,0.308563,English
NA,NA,0.635867,English
1,NA,0.446631,English
NA,2,0.211855,English
2,NA,1.726445,English
1,NA,1.783571,English
1,NA,0.766905,English
NA,2,0.595089,English
2,NA,0.420272,English
NA,2,0.411192,English
2,NA,0.865764,English
NA,2,0.670681,English
3,NA,0.653423,English
1,NA,0.539549,English
NA,1,0.539549,English
NA,2,0.941948,English
2,NA,1.765477,English
2,NA,1.070023,English
NA,2,1.252327,English
NA,1,0.632396,English
2,NA,0.604648,English
3,NA,0.391821,English
NA,1,0.518385,English
1,NA,0.659205,English
NA,2,0.459156,English
NA,2,0.941948,English
NA,2,0.580983,English
3,NA,0.521367,English
1,NA,0.391821,English
2,NA,0.449176,English
NA,1,1.234686,English
NA,2,1.194246,English
1,NA,3.949828,English
NA,2,0.688925,English
1,NA,1.33715,English
1,NA,0.321952,English
2,NA,1.642066,English
NA,3,0.539549,English
2,NA,0.651099,English
NA,2,0.459156,English
1,NA,0.949496,English
NA,2,0.227559,English
1,NA,4.579378,English
NA,1,0.949496,English
2,NA,0.295422,English
1,NA,0.385972,English
1,NA,0.411192,English
1,NA,0.521367,English
1,NA,0.604648,English
NA,2,0.539549,English
NA,2,0.653423,English
NA,1,0.102712,English
NA,2,1.142154,English
NA,2,0.653423,English
NA,2,0.475894,English
NA,2,0.352354,English
NA,2,0.766905,English
NA,1,0.420272,English
NA,2,0.36234,English
1,NA,0.885432,English
NA,2,1.408229,English
1,NA,0.671341,English
1,NA,0.459156,English
1,NA,0.352354,English
NA,2,0.762731,English
2,NA,0.246593,English
NA,2,1.228782,English
NA,2,0.408464,English
NA,2,0.704221,English
2,NA,1.00787,English
NA,2,0.595089,English
NA,2,0.420272,English
1,NA,0.635616,English
NA,2,0.762731,English
1,NA,0.449176,English
NA,3,0.435587,English
NA,2,0.941948,English
NA,1,0.579645,English
NA,2,0.34221,English
2,NA,0.681226,English
NA,1,9.989085,English
NA,2,0.320173,English
2,NA,0.580218,English
NA,2,0.449176,English
2,NA,0.295422,English
1,NA,0.477916,English
NA,2,0.321952,English
1,NA,0.654599,English
NA,2,0.653423,English
NA,2,0.549405,English
NA,2,0.671,English
2,NA,0.654599,English
NA,2,0.228055,English
NA,2,0.97327,English
NA,3,0.75527,English
1,NA,1.097236,English
NA,2,0.295422,English
1,NA,0.321952,English
NA,2,0.36234,English
NA,2,3.070831,English
NA,2,0.371218,English
NA,3,0.604648,English
NA,2,0.435587,English
NA,2,0.321952,English
NA,2,0.990728,English
NA,2,0.477916,English
NA,2,1.335975,English
NA,2,0.630072,English
2,NA,1.151189,English
NA,2,0.536749,English
1,NA,0.75527,English
NA,1,0.632396,English
1,NA,0.475894,English
1,NA,0.518385,English
1,NA,0.546617,English
1,NA,0.227559,English
NA,2,0.676404,English
NA,2,0.122523,English
NA,1,0.321952,English
1,NA,0.593401,English
1,NA,1.623058,English
NA,2,0.477916,English
NA,2,0.798225,English
NA,2,0.283101,English
NA,2,2.285939,English
2,NA,0.227559,English
NA,1,0.307224,English
2,NA,0.41079,English
NA,3,0.211855,English
1,NA,1.050595,English
NA,2,1.392031,English
NA,2,0.522794,English
2,NA,0.7404,English
1,NA,0.307224,English
NA,1,0.122523,English
NA,2,0.122523,English
NA,2,2.315204,English
NA,2,0.227559,English
NA,1,0.41079,English
3,NA,0.102712,English
NA,2,0.798225,English
NA,2,0.385972,English
1,NA,3.186876,English
NA,2,0.729703,English
3,NA,0.762854,English
1,NA,0.630072,English
2,NA,1.458954,English
NA,2,0.865764,English
1,NA,0.630072,English
NA,2,0.122523,English
1,NA,0.865764,English
NA,3,1.712497,English
1,NA,1.565939,English
1,NA,0.968729,English
1,NA,0.38886,English
NA,2,0.841543,English
1,NA,0.808962,English
1,NA,0.856761,English
NA,2,0.612277,English
1,NA,0.743294,English
NA,2,0.763914,English
1,NA,0.841543,English
NA,2,1.91449,English
1,NA,0.841543,English
NA,2,1.956889,English
NA,2,0.857669,English
2,NA,0.526114,English
1,NA,0.726937,English
NA,2,0.857669,English
NA,2,0.743294,English
1,NA,1.565939,English
1,NA,0.743294,English
1,NA,0.635616,English
NA,2,0.763914,English
1,NA,0.540558,English
NA,2,0.572854,English
NA,2,1.408229,English
NA,1,0.804612,English
NA,2,0.484508,English
1,NA,0.884218,English
NA,2,1.657257,English
1,NA,0.590807,English
NA,2,0.726937,English
1,NA,0.467797,English
NA,2,0.546617,English
NA,2,0.672302,English
NA,2,0.526114,English
2,NA,1.712497,English
NA,3,0.672302,English
NA,2,0.526114,English
NA,2,0.484508,English
NA,2,0.546617,English
2,NA,0.479538,English
1,NA,0.572854,English
1,NA,0.540558,English
1,NA,1.107378,English
1,NA,0.546617,English
3,NA,0.590807,English
NA,2,0.672302,English
2,NA,0.467797,English
1,NA,0.467797,English
1,NA,0.526114,English
1,NA,0.572854,English
1,NA,0.546617,English
1,NA,0.540558,English
NA,2,0.479538,English
1,NA,0.323775,English
1,NA,0.484508,English
NA,1,0.939256,English
2,NA,1.712497,English
1,NA,0.743294,English
NA,1,0.726937,English
1,NA,0.38886,English
1,NA,0.808962,English
1,NA,0.63786,English
NA,2,0.804612,English
1,NA,1.712497,English
1,NA,0.635616,English
NA,2,0.726937,English
1,NA,0.487458,English
1,NA,0.487458,English
NA,2,0.487458,English
2,NA,0.726937,English
NA,1,0.481,English
1,NA,0.763914,English
1,NA,0.590807,English
NA,2,0.546617,English
NA,1,1.409547,English
2,NA,1.409547,English
NA,2,0.481,English
1,NA,0.743294,English
1,NA,0.743294,English
2,NA,0.484508,English
NA,2,0.526114,English
2,NA,0.606347,English
NA,2,0.743294,English
NA,2,0.606347,English
NA,1,0.763914,English
1,NA,1.91449,English
NA,2,0.479538,English
NA,1,0.743294,English
2,NA,0.467797,English
1,NA,0.940128,English
1,NA,1.142142,English
NA,2,0.572854,English
NA,2,0.593401,English
1,NA,0.940128,English
1,NA,0.726937,English
NA,2,0.484508,English
NA,2,1.19344,English
1,NA,0.467797,English
1,NA,0.808962,English
1,NA,0.593401,English
NA,2,0.900941,English
NA,1,0.484508,English
NA,2,0.484508,English
NA,2,0.484508,English
1,NA,1.064224,English
1,NA,0.323775,English
NA,2,0.546617,English
1,NA,0.481,English
NA,3,1.300098,English
1,NA,0.884218,English
1,NA,0.540558,English
1,NA,0.611835,English
NA,2,0.479538,English
NA,2,0.635616,English
2,NA,0.590807,English
1,NA,0.726937,English
1,NA,0.487458,English
1,NA,0.743294,English
1,NA,0.487458,English
NA,2,1.142142,English
1,NA,0.808962,English
NA,1,0.38886,English
1,NA,0.484508,English
NA,2,1.142142,English
NA,2,0.63786,English
1,NA,1.956889,English
NA,2,0.968729,English
NA,1,0.63786,English
NA,2,1.142142,English
1,NA,0.572854,English
1,NA,0.540558,English
NA,2,0.526114,English
1,NA,0.487458,English
NA,2,0.484508,English
NA,2,0.63786,English
2,NA,2.065683,English
1,NA,1.712497,English
NA,2,0.593401,English
1,NA,0.672302,English
1,NA,0.885432,English
NA,2,0.857669,English
NA,2,1.409547,English
NA,2,0.885432,English
2,NA,1.408229,English
1,NA,0.467797,English
1,NA,1.142142,English
NA,2,0.63786,English
NA,3,0.726937,English
1,NA,0.484508,English
1,NA,1.463489,English
NA,2,0.726937,English
2,NA,0.526114,English
1,NA,0.540558,English
1,NA,0.63786,English
NA,2,1.300098,English
2,NA,1.657257,English
NA,2,0.968729,English
NA,2,0.611835,English
1,NA,1.148625,English
NA,2,0.467797,English
1,NA,0.487458,English
3,NA,0.63786,English
1,NA,0.857669,English
2,NA,1.565939,English
NA,2,0.606347,English
NA,2,0.38886,English
1,NA,1.064224,English
NA,2,0.726937,English
1,NA,0.590807,English
1,NA,0.635616,English
2,NA,0.900941,English
NA,2,0.323775,English
NA,2,0.63786,English
1,NA,0.63786,English
NA,2,0.38886,English
1,NA,1.657257,English
1,NA,0.481,English
2,NA,1.300098,English
NA,2,0.672302,English
NA,2,1.148625,English
1,NA,0.484508,English
1,NA,0.467797,English
1,NA,0.612277,English
NA,3,0.546617,English
2,NA,2.065683,English
NA,2,0.808962,English
2,NA,0.841543,English
1,NA,0.646643,English
1,NA,0.572854,English
NA,1,0.540558,English
2,NA,0.900941,English
NA,2,0.323775,English
NA,3,0.660751,English
1,NA,0.38886,English
NA,2,0.743294,English
1,NA,0.546617,English
1,NA,0.540558,English
2,NA,0.940128,English
2,NA,0.526114,English
NA,2,0.63786,English
NA,2,0.487458,English
NA,2,0.939256,English
NA,2,0.590807,English
1,NA,0.572854,English
NA,2,0.481,English
2,NA,1.101848,English
NA,2,0.672302,English
NA,2,0.467797,English
NA,2,0.467797,English
1,NA,1.107378,English
NA,2,0.546617,English
NA,2,0.323775,English
NA,2,1.19344,English
1,NA,0.857669,English
1,NA,0.660751,English
NA,2,0.884218,English
NA,2,0.804612,English
2,NA,0.479538,English
NA,1,1.409547,English
NA,1,0.606347,English
1,NA,0.481,English
1,NA,0.467797,English
NA,2,1.050595,English
NA,2,0.900941,English
NA,2,0.467797,English
NA,2,0.606347,English
2,NA,0.479538,English
2,NA,0.526114,English
NA,2,0.481,English
1,NA,0.484508,English
NA,2,0.648168,English
1,NA,0.487458,English
2,NA,0.467797,English
1,NA,1.627167,English
NA,1,1.148625,English
NA,2,0.885432,English
1,NA,0.606347,English
NA,2,0.606347,English
NA,2,0.590807,English
NA,2,0.63786,English
NA,2,0.968729,English
1,NA,1.148625,English
1,NA,0.885432,English
1,NA,0.572854,English
NA,2,0.484508,English
3,NA,0.323775,English
NA,2,0.484508,English
NA,2,0.479538,English
1,NA,0.479538,English
NA,2,0.726937,English
1,NA,0.479538,English
NA,2,0.648168,English
NA,2,0.526114,English
NA,2,0.726937,English
1,NA,0.526114,English
2,NA,0.590807,English
NA,2,1.91449,English
1,NA,0.660751,English
NA,2,0.481,English
1,NA,0.481,English
1,NA,0.467797,English
1,NA,0.593401,English
1,NA,0.900941,English
NA,2,0.648168,English
1,NA,0.572854,English
NA,2,1.064224,English
1,NA,0.526114,English
2,NA,0.467797,English
NA,2,0.572854,English
NA,2,0.572854,English
1,NA,1.148625,English
NA,2,0.635616,English
1,NA,0.884218,English
1,NA,0.484508,English
1,NA,0.481,English
NA,1,0.884218,English
NA,2,1.148625,English
NA,2,0.900941,English
1,NA,1.142142,English
NA,2,0.467797,English
1,NA,0.606347,English
NA,2,0.540558,English
1,NA,0.884218,English
NA,2,0.540558,English
1,NA,0.540558,English
NA,2,0.323775,English
NA,2,0.804612,English
NA,2,0.479538,English
2,NA,0.672302,English
1,NA,0.884218,English
1,NA,0.479538,English
NA,1,2.47655,English
NA,2,0.484508,English
NA,2,0.546617,English
NA,1,0.672302,English
1,NA,0.940128,English
1,NA,0.467797,English
NA,2,1.19344,English
NA,2,0.63786,English
NA,2,1.19344,English
NA,2,0.940128,English
2,NA,1.565939,English
1,NA,0.63786,English
1,NA,0.611835,English
2,NA,0.743294,English
1,NA,0.526114,English
NA,2,0.481,English
1,NA,0.540558,English
1,NA,0.672302,English
1,NA,0.808962,English
NA,1,0.593401,English
NA,2,0.467797,English
1,NA,0.660751,English
1,NA,0.540558,English
NA,2,0.808962,English
NA,2,0.467797,English
3,NA,0.467797,English
NA,2,0.884218,English
1,NA,1.148625,English
NA,2,0.479538,English
NA,2,0.648168,English
NA,2,0.479538,English
1,NA,1.064224,English
NA,2,0.968729,English
1,NA,0.884218,English
NA,2,0.660751,English
NA,1,0.940128,English
1,NA,0.606347,English
3,NA,1.408229,English
1,NA,0.856761,English
NA,2,0.726937,English
NA,2,0.885432,English
1,NA,0.939256,English
NA,2,1.19344,English
1,NA,0.763914,English
NA,2,0.672302,English
1,NA,0.611835,English
NA,1,0.323775,English
NA,2,0.540558,English
NA,2,0.968729,English
NA,2,0.540558,English
1,NA,0.648168,English
NA,2,0.611835,English
NA,1,0.612277,English
2,NA,0.323775,English
NA,2,0.540558,English
NA,2,0.884218,English
1,NA,0.939256,English
NA,2,0.612277,English
NA,1,1.91449,English
NA,2,0.611835,English
NA,2,0.968729,English
1,NA,0.38886,English
NA,2,1.91449,English
1,NA,0.804612,English
NA,1,0.968729,English
2,NA,0.612277,English
1,NA,1.657257,English
1,NA,0.726937,English
NA,2,0.763914,English
1,NA,0.763914,English
1,NA,0.481,English
NA,2,1.930509,English
2,NA,0.856761,English
NA,2,0.63786,English
NA,1,0.940128,English
NA,2,0.885432,English
NA,2,0.672302,English
NA,2,0.481,English
NA,2,1.101848,English
NA,2,0.885432,English
NA,2,0.885432,English
1,NA,0.672302,English
NA,1,0.38886,English
2,NA,0.63786,English
2,NA,0.763914,English
NA,1,1.956889,English
NA,2,0.648168,English
2,NA,1.409547,English
NA,2,0.672302,English
NA,2,1.657257,English
NA,2,0.648168,English
NA,2,0.841543,English
1,NA,0.672302,English
NA,1,0.606347,English
NA,1,0.743294,English
NA,3,0.804612,English
1,NA,0.885432,English
1,NA,0.648168,English
3,NA,0.481,English
1,NA,0.612277,English
NA,1,0.611835,English
NA,1,0.743294,English
NA,1,0.672302,English
NA,2,0.635616,English
1,NA,0.743294,English
NA,2,0.606347,English
NA,1,0.38886,English
NA,1,0.38886,English
NA,2,0.38886,English
1,NA,0.648168,English
NA,1,1.565939,English
1,NA,0.743294,English
NA,2,0.841543,English
NA,2,0.808962,English
NA,2,0.900941,English
1,NA,0.487458,English
NA,2,0.635616,English
NA,1,0.841543,English
2,NA,0.606347,English
NA,2,1.409547,English
1,NA,1.142142,English
2,NA,0.857669,English
2,NA,1.623058,English
2,NA,0.743294,English
3,NA,2.566052,English
1,NA,0.841543,English
NA,2,0.611835,English
NA,2,0.763914,English
1,NA,0.481,English
NA,2,0.487458,English
NA,2,0.885432,English
3,NA,1.19344,English
2,NA,0.763914,English
1,NA,0.857669,English
1,NA,0.968729,English
NA,2,0.857669,English
NA,2,0.635616,English
1,NA,0.38886,English
NA,2,1.142142,English
1,NA,0.743294,English
2,NA,0.487458,English
2,NA,0.38886,English
NA,2,0.612277,English
1,NA,0.808962,English
1,NA,0.672302,English
NA,3,1.19344,English
1,NA,0.804612,English
NA,3,1.328473,English
NA,2,0.38886,English
1,NA,0.38886,English
1,NA,0.856761,English
NA,1,1.328473,English
3,NA,0.939256,English
NA,2,0.648168,English
NA,1,1.328473,English
NA,2,0.38886,English
1,NA,0.808962,English
NA,1,0.612277,English
3,NA,1.328473,English
3,NA,0.856761,English
NA,2,0.743294,English
NA,2,0.884218,English
NA,1,0.808962,English
1,NA,0.606347,English
2,NA,0.900941,English
1,NA,0.763914,English
3,NA,0.63786,English
NA,2,0.808962,English
NA,2,1.19344,English
1,NA,0.606347,English
NA,2,0.808962,English
1,NA,0.487458,English
NA,1,0.606347,English
1,NA,0.968729,English
NA,2,0.726937,English
1,NA,0.481,English
NA,2,0.939256,English
1,NA,0.841543,English
NA,3,0.487458,English
NA,2,0.804612,English
NA,2,0.900941,English
1,NA,0.672302,English
NA,2,0.63786,English
2,NA,0.481,English
NA,2,1.19344,English
NA,1,1.148625,English
1,NA,1.408229,English
2,NA,0.672302,English
NA,2,0.648168,English
2,NA,0.612277,English
2,NA,0.648168,English
1,NA,1.142142,English
1,NA,0.884218,English
1,NA,0.611835,English
1,NA,1.930509,English
NA,2,0.63786,English
NA,2,0.648168,English
NA,2,0.487458,English
NA,1,1.142142,English
1,NA,1.097236,English
NA,2,0.763914,English
NA,2,0.939256,English
NA,1,0.672302,English
1,NA,1.565939,English
NA,2,0.968729,English
3,NA,1.409547,English
NA,1,0.612277,English
NA,2,1.19344,English
NA,3,0.856761,English
NA,1,1.712497,English
NA,2,0.487458,English
1,NA,0.672302,English
1,NA,0.856761,English
NA,2,1.657257,English
NA,2,0.481,English
1,NA,0.38886,English
NA,2,0.611835,English
1,NA,0.38886,English
NA,2,1.19344,English
1,NA,0.606347,English
1,NA,0.726937,English
1,NA,0.635616,English
1,NA,0.672302,English
NA,2,1.19344,English
1,NA,0.38886,English
NA,1,0.63786,English
1,NA,0.672302,English
NA,2,0.648168,English
2,NA,0.63786,English
1,NA,0.648168,English
NA,2,0.743294,English
NA,1,0.900941,English
NA,2,0.487458,English
NA,1,0.635616,English
NA,2,0.939256,English
NA,2,0.635616,English
NA,2,0.726937,English
NA,2,2.566052,English
NA,2,0.606347,English
1,NA,0.841543,English
NA,2,0.481,English
NA,2,1.142142,English
2,NA,4.076858,English
2,NA,0.763914,English
NA,2,1.561469,English
1,NA,0.984748,English
NA,2,1.090347,English
NA,2,1.050595,English
NA,2,0.740303,English
1,NA,1.050595,English
NA,2,0.7404,English
1,NA,1.906958,English
1,NA,0.729703,English
1,NA,0.750358,English
1,NA,0.225397,English
NA,2,0.7404,English
NA,3,0.984748,English
NA,2,0.964626,English
1,NA,1.263585,English
1,NA,1.097236,English
2,NA,0.7404,English
NA,3,1.306155,English
3,NA,0.990728,English
1,NA,0.7404,English
3,NA,0.984748,English
2,NA,0.412075,English
NA,2,0.7404,English
2,NA,3.043173,English
NA,2,0.646643,English
NA,2,2.850055,English
NA,2,0.984748,English
NA,2,0.990728,English
NA,2,1.090347,English
NA,1,0.740303,English
NA,2,0.729703,English
1,NA,1.090347,English
NA,1,1.050595,English
NA,2,0.990728,English
NA,2,0.984748,English
1,NA,1.596672,English
2,NA,0.990728,English
2,NA,2.285939,English
1,NA,0.646643,English
1,NA,2.850055,English
NA,2,0.984748,English
NA,2,0.740303,English
NA,2,0.729703,English
NA,1,1.263585,English
2,NA,3.043173,English
1,NA,0.823887,English
NA,3,0.225397,English
NA,2,1.33715,English
NA,2,0.7404,English
1,NA,0.750358,English
NA,2,0.7404,English
1,NA,1.090347,English
NA,2,1.050595,English
1,NA,0.984748,English
NA,2,1.263585,English
1,NA,0.729703,English
NA,2,0.225397,English
NA,2,1.306155,English
1,NA,0.823887,English
1,NA,1.090347,English
NA,2,1.627167,English
1,NA,1.263585,English
1,NA,4.579378,English
NA,2,1.650705,English
1,NA,1.627167,English
NA,2,0.740303,English
1,NA,0.646643,English
NA,2,1.906958,English
NA,2,0.7404,English
NA,2,0.964626,English
1,NA,1.906958,English
1,NA,0.750358,English
2,NA,1.827636,English
NA,2,0.823887,English
NA,2,1.263585,English
NA,1,1.33715,English
1,NA,0.740303,English
NA,2,0.412075,English
1,NA,0.7404,English
NA,2,0.740303,English
2,NA,0.7404,English
1,NA,0.990728,English
3,NA,0.964626,English
NA,2,0.646643,English
NA,2,1.306155,English
1,NA,1.306155,English
1,NA,0.823887,English
1,NA,1.090347,English
1,NA,0.750358,English
NA,2,2.285939,English
NA,2,2.285939,English
1,NA,0.964626,English
1,NA,0.750358,English
NA,2,0.823887,English
1,NA,0.823887,English
1,NA,0.740303,English
NA,2,0.7404,English
1,NA,0.823887,English
NA,2,3.186876,English
NA,2,1.090347,English
1,NA,0.7404,English
NA,2,1.650705,English
1,NA,1.050595,English
1,NA,0.740303,English
NA,2,0.865764,English
2,NA,1.33715,English
NA,2,0.990728,English
1,NA,0.646643,English
NA,2,1.090347,English
2,NA,0.865764,English
NA,2,1.33715,English
NA,2,0.7404,English
1,NA,0.750358,English
1,NA,1.097236,English
1,NA,0.865764,English
1,NA,0.964626,English
NA,1,0.990728,English
NA,2,1.596672,English
1,NA,0.964626,English
1,NA,1.101848,English
1,NA,0.750358,English
2,NA,0.750358,English
NA,2,1.090347,English
NA,2,1.596672,English
NA,2,0.729703,English
1,NA,1.596672,English
2,NA,0.646643,English
2,NA,1.097236,English
1,NA,0.823887,English
NA,2,0.729703,English
NA,2,0.7404,English
2,NA,0.990728,English
1,NA,1.561469,English
1,NA,0.646643,English
2,NA,0.750358,English
2,NA,0.750358,English
NA,2,0.984748,English
NA,NA,0.250862,English
2,NA,0.964626,English
1,NA,0.823887,English
1,NA,0.823887,English
1,NA,0.984748,English
NA,NA,0.740303,English
2,NA,0.646643,English
1,NA,0.729703,English
2,NA,0.984748,English
NA,2,1.906958,English
1,NA,0.646643,English
NA,1,0.990728,English
1,NA,0.964626,English
1,NA,1.101848,English
NA,2,0.964626,English
NA,2,1.097236,English
NA,2,1.596672,English
1,NA,0.740303,English
1,NA,0.964626,English
1,NA,1.101848,English
NA,2,0.990728,English
1,NA,1.306155,English
NA,2,0.225397,English
NA,2,0.234539,English
NA,2,0.729703,English
NA,2,1.306155,English
1,NA,1.050595,English
NA,2,0.750358,English
1,NA,0.750358,English
1,NA,1.596672,English
1,NA,0.750358,English
NA,2,1.050595,English
NA,2,1.050595,English
2,NA,0.234539,English
NA,3,0.225397,English
NA,2,1.050595,English
1,NA,0.865764,English
NA,2,0.250862,English
1,NA,0.990728,English
NA,2,0.740303,English
NA,2,1.33715,English
NA,2,0.225397,English
NA,2,1.306155,English
3,NA,1.097236,English
1,NA,0.865764,English
1,NA,0.740303,English
1,NA,0.865764,English
1,NA,1.650705,English
NA,1,0.865764,English
NA,2,0.740303,English
NA,2,0.740303,English
1,NA,0.225397,English
2,NA,1.097236,English
1,NA,0.865764,English
2,NA,1.827636,English
1,NA,1.097236,English
NA,2,1.33715,English
2,NA,1.097236,English
1,NA,0.412075,English
1,NA,1.33715,English
2,NA,0.234539,English
2,NA,1.097236,English
NA,2,0.225397,English
NA,1,0.225397,English
NA,2,0.412075,English
NA,2,0.412075,English
1,NA,0.225397,English
1,NA,0.225397,English
NA,1,0.225397,English
1,NA,0.225397,English
NA,2,0.225397,English
2,NA,0.225397,English
NA,2,0.250862,English
1,NA,0.234539,English
1,NA,0.225397,English
1,NA,0.225397,English
NA,2,0.234539,English
NA,2,0.412075,English
2,NA,0.234539,English
1,NA,0.234539,English
NA,2,0.225397,English
1,NA,0.412075,English
3,NA,0.412075,English
NA,2,0.234539,English
NA,3,0.234539,English
NA,2,0.234539,English
NA,2,0.412075,English
1,NA,0.412075,English
NA,2,0.250862,English
1,NA,0.234539,English
1,NA,0.250862,English
NA,2,0.234539,English
1,NA,0.225397,English
1,NA,0.234539,English
NA,1,0.225397,English
NA,2,0.225397,English
NA,2,0.225397,English
1,NA,0.225397,English
1,NA,0.412075,English
NA,2,0.234539,English
NA,2,0.225397,English
NA,2,0.412075,English
1,NA,4.858463,English
NA,2,0.225397,English
NA,2,0.412075,English
NA,2,0.412075,English
NA,2,0.225397,English
2,NA,0.225397,English
NA,2,0.234539,English
NA,2,0.225397,English
NA,1,0.250862,English
1,NA,0.250862,English
NA,2,0.250862,English
2,NA,0.412075,English
1,NA,0.234539,English
1,NA,0.234539,English
NA,2,0.234539,English
NA,1,0.234539,English
1,NA,0.234539,English
NA,1,0.234539,English
NA,2,1.556337924,Spanish
NA,3,1.43190226,Spanish
2,NA,0.08773457,Spanish
NA,2,2.476719227,Spanish
NA,3,0.266590623,Spanish
1,NA,0.83447948,Spanish
2,NA,4.669595102,Spanish
NA,2,1.630448228,Spanish
3,NA,0.20890979,Spanish
NA,2,1.451614748,Spanish
NA,NA,1.3886337,Spanish
2,NA,0.43796548,Spanish
NA,1,0.20890979,Spanish
1,NA,2.740829557,Spanish
2,NA,0.643533126,Spanish
1,NA,0.428106447,Spanish
1,NA,0.783415996,Spanish
1,NA,0.37660306,Spanish
2,NA,1.123965585,Spanish
1,NA,0.793487316,Spanish
NA,2,1.43190226,Spanish
3,NA,1.248232066,Spanish
2,NA,0.443625915,Spanish
NA,1,0.63532198,Spanish
NA,1,1.101703996,Spanish
NA,2,1.135418565,Spanish
NA,2,0.601347256,Spanish
2,NA,2.740829557,Spanish
NA,2,1.123965585,Spanish
NA,2,1.101703996,Spanish
NA,3,0.83447948,Spanish
2,NA,0.922838061,Spanish
NA,1,4.365614143,Spanish
2,NA,0.20890979,Spanish
1,NA,2.669113275,Spanish
NA,2,0.793487316,Spanish
NA,3,1.3036604,Spanish
1,NA,0.793487316,Spanish
NA,2,0.547490305,Spanish
NA,2,0.83447948,Spanish
NA,3,0.340831911,Spanish
2,NA,0.295119407,Spanish
NA,2,0.229666757,Spanish
NA,2,0.160502623,Spanish
1,NA,0.229666757,Spanish
1,NA,0.138014939,Spanish
2,NA,0.138014939,Spanish
NA,2,0.295119407,Spanish
2,NA,0.6266945,Spanish
1,NA,4.365614143,Spanish
NA,2,0.43796548,Spanish
NA,2,1.889417919,Spanish
1,NA,2.014381388,Spanish
NA,2,2.326745946,Spanish
NA,1,0.180275943,Spanish
NA,NA,0.63532198,Spanish
3,NA,0.8604811,Spanish
NA,2,0.158323047,Spanish
1,NA,1.101703996,Spanish
NA,2,0.095141961,Spanish
1,NA,0.383649362,Spanish
2,NA,0.744961914,Spanish
2,NA,0.16864263,Spanish
1,NA,0.095141961,Spanish
1,NA,0.206244211,Spanish
NA,1,0.458894687,Spanish
1,NA,6.773813326,Spanish
2,NA,0.158323047,Spanish
NA,2,0.206802515,Spanish
3,NA,0.8604811,Spanish
NA,1,0.295119407,Spanish
NA,NA,0.229666757,Spanish
NA,2,0.488759082,Spanish
2,NA,0.872327037,Spanish
1,NA,1.338688392,Spanish
NA,2,0.988276897,Spanish
3,NA,0.8604811,Spanish
1,NA,0.295119407,Spanish
NA,2,0.38672199,Spanish
NA,1,0.138014939,Spanish
NA,2,0.229666757,Spanish
NA,3,1.889417919,Spanish
NA,1,1.00068496,Spanish
NA,3,0.516309348,Spanish
2,NA,0.872327037,Spanish
NA,2,0.516309348,Spanish
2,NA,0.229666757,Spanish
NA,1,0.158323047,Spanish
NA,2,0.428106447,Spanish
NA,2,0.158323047,Spanish
1,NA,0.138014939,Spanish
2,NA,1.730855345,Spanish
2,NA,0.37660306,Spanish
2,NA,1.135418565,Spanish
NA,1,0.158323047,Spanish
2,NA,2.077147675,Spanish
2,NA,0.295119407,Spanish
NA,1,0.962417739,Spanish
NA,1,0.158323047,Spanish
1,NA,0.428106447,Spanish
3,NA,1.101703996,Spanish
NA,1,3.871872116,Spanish
NA,1,1.891117323,Spanish
NA,2,0.935542444,Spanish
1,NA,0.086849591,Spanish
1,NA,1.136439798,Spanish
1,NA,0.52641841,Spanish
NA,1,0.145996617,Spanish
2,NA,1.43190226,Spanish
1,NA,0.793487316,Spanish
NA,2,0.123939497,Spanish
1,NA,2.077147675,Spanish
1,NA,1.397416075,Spanish
NA,1,1.00068496,Spanish
NA,2,2.669113275,Spanish
NA,2,1.43190226,Spanish
NA,2,0.206244211,Spanish
NA,2,0.909096284,Spanish
2,NA,0.229666757,Spanish
NA,2,0.29918221,Spanish
2,NA,0.145996617,Spanish
NA,1,0.138014939,Spanish
1,NA,0.428106447,Spanish
NA,1,0.095141961,Spanish
NA,1,1.338688392,Spanish
NA,2,0.978308137,Spanish
2,NA,0.211785777,Spanish
2,NA,0.303048956,Spanish
NA,1,0.295119407,Spanish
2,NA,4.309911191,Spanish
NA,2,0.299992098,Spanish
NA,2,0.644925421,Spanish
1,NA,0.295119407,Spanish
1,NA,0.160502623,Spanish
2,NA,3.308496598,Spanish
NA,2,2.326745946,Spanish
NA,3,0.125541339,Spanish
2,NA,0.599410998,Spanish
1,NA,0.257264422,Spanish
NA,3,0.177347769,Spanish
2,NA,0.295119407,Spanish
2,NA,0.295119407,Spanish
1,NA,0.456392907,Spanish
2,NA,1.135418565,Spanish
NA,2,0.295119407,Spanish
1,NA,2.326745946,Spanish
2,NA,0.295119407,Spanish
2,NA,2.077147675,Spanish
2,NA,0.643533126,Spanish
1,NA,0.783415996,Spanish
NA,2,2.326745946,Spanish
1,NA,0.177347769,Spanish
2,NA,0.609667162,Spanish
2,NA,0.303048956,Spanish
1,NA,0.182112918,Spanish
2,NA,0.295119407,Spanish
NA,2,0.229666757,Spanish
NA,2,1.101703996,Spanish
NA,2,2.326745946,Spanish
NA,2,0.110644068,Spanish
NA,2,0.206802515,Spanish
1,NA,0.428106447,Spanish
NA,2,1.321607428,Spanish
NA,2,3.871872116,Spanish
1,NA,0.127269621,Spanish
2,NA,0.303048956,Spanish
NA,1,1.603965293,Spanish
NA,3,0.644925421,Spanish
NA,1,0.206244211,Spanish
NA,2,1.630448228,Spanish
NA,2,2.077147675,Spanish
NA,1,0.303048956,Spanish
2,NA,0.295119407,Spanish
NA,1,0.138014939,Spanish
NA,2,1.43190226,Spanish
NA,2,0.110644068,Spanish
1,NA,0.20890979,Spanish
2,NA,1.014529879,Spanish
NA,1,1.891117323,Spanish
NA,2,0.428106447,Spanish
NA,1,0.303048956,Spanish
2,NA,1.889417919,Spanish
1,NA,0.20890979,Spanish
NA,1,2.326745946,Spanish
2,NA,0.590713215,Spanish
NA,3,0.55456628,Spanish
2,NA,0.783415996,Spanish
1,NA,1.889417919,Spanish
NA,3,0.180275943,Spanish
NA,2,0.783415996,Spanish
NA,2,1.338688392,Spanish
2,NA,0.83447948,Spanish
NA,2,0.91106313,Spanish
NA,3,0.303048956,Spanish
NA,2,1.320419799,Spanish
1,NA,1.072876915,Spanish
2,NA,1.891117323,Spanish
NA,2,1.136439798,Spanish
NA,1,0.804465565,Spanish
NA,2,2.604829883,Spanish
2,NA,0.6266945,Spanish
3,NA,0.257264422,Spanish
NA,2,1.647062162,Spanish
2,NA,3.871872116,Spanish
1,NA,0.872327037,Spanish
2,NA,0.428106447,Spanish
NA,3,0.263189066,Spanish
2,NA,0.55456628,Spanish
NA,2,0.804465565,Spanish
1,NA,0.38755867,Spanish
NA,3,0.144523947,Spanish
1,NA,0.91106313,Spanish
1,NA,0.982989152,Spanish
NA,2,0.20890979,Spanish
NA,2,0.38178762,Spanish
2,NA,0.443625915,Spanish
2,NA,1.43190226,Spanish
NA,2,0.488759082,Spanish
2,NA,0.935542444,Spanish
NA,2,4.365614143,Spanish
1,NA,0.55456628,Spanish
NA,2,1.889417919,Spanish
1,NA,0.783415996,Spanish
1,NA,0.547490305,Spanish
2,NA,1.889417919,Spanish
NA,1,0.546308357,Spanish
NA,3,0.451789267,Spanish
2,NA,1.248232066,Spanish
1,NA,0.37660306,Spanish
2,NA,1.321607428,Spanish
1,NA,0.182112918,Spanish
1,NA,0.37660306,Spanish
NA,2,0.8604811,Spanish
NA,2,0.420280078,Spanish
NA,3,0.420280078,Spanish
NA,2,1.151049468,Spanish
2,NA,0.6266945,Spanish
NA,1,0.138014939,Spanish
NA,1,0.913529383,Spanish
NA,2,0.138014939,Spanish
NA,2,1.891117323,Spanish
NA,1,0.124275002,Spanish
1,NA,0.91106313,Spanish
1,NA,0.38755867,Spanish
NA,2,1.248232066,Spanish
1,NA,0.783415996,Spanish
1,NA,0.8604811,Spanish
2,NA,1.396103509,Spanish
3,NA,1.896107909,Spanish
1,NA,0.759470528,Spanish
NA,2,0.472541695,Spanish
NA,2,1.647062162,Spanish
NA,1,0.804465565,Spanish
NA,2,1.123965585,Spanish
NA,2,2.669113275,Spanish
NA,2,1.320419799,Spanish
NA,1,1.915428862,Spanish
2,NA,0.55456628,Spanish
1,NA,1.248232066,Spanish
2,NA,0.295119407,Spanish
2,NA,0.43796548,Spanish
NA,2,0.443625915,Spanish
NA,2,0.186306869,Spanish
NA,2,0.20890979,Spanish
1,NA,1.210513567,Spanish
NA,1,1.139438819,Spanish
NA,2,0.55456628,Spanish
2,NA,0.793487316,Spanish
NA,2,1.151049468,Spanish
NA,1,0.449733154,Spanish
1,NA,1.647062162,Spanish
NA,2,0.420280078,Spanish
NA,2,0.124275002,Spanish
2,NA,0.8604811,Spanish
2,NA,0.293078671,Spanish
2,NA,1.139438819,Spanish
NA,3,1.338688392,Spanish
3,NA,1.135418565,Spanish
NA,1,0.26390152,Spanish
3,NA,2.740829557,Spanish
NA,1,0.547490305,Spanish
NA,2,0.456392907,Spanish
2,NA,1.248232066,Spanish
2,NA,0.439151055,Spanish
2,NA,0.270260681,Spanish
2,NA,0.310027991,Spanish
NA,2,1.123965585,Spanish
2,NA,0.449733154,Spanish
NA,3,1.135418565,Spanish
2,NA,0.125541339,Spanish
NA,2,0.530756013,Spanish
2,NA,1.123965585,Spanish
1,NA,0.428106447,Spanish
NA,2,0.546308357,Spanish
1,NA,2.740829557,Spanish
1,NA,1.603965293,Spanish
NA,2,0.206802515,Spanish
NA,2,1.626046511,Spanish
1,NA,1.123965585,Spanish
NA,3,1.151049468,Spanish
3,NA,1.603965293,Spanish
1,NA,0.266590623,Spanish
3,NA,6.773813326,Spanish
NA,2,1.072876915,Spanish
2,NA,0.909096284,Spanish
NA,1,0.125541339,Spanish
2,NA,1.248232066,Spanish
NA,1,1.3036604,Spanish
3,NA,1.00068496,Spanish
NA,2,1.891117323,Spanish
2,NA,0.295119407,Spanish
NA,1,0.158323047,Spanish
1,NA,0.759470528,Spanish
1,NA,0.138014939,Spanish
2,NA,0.295119407,Spanish
1,NA,0.546308357,Spanish
2,NA,0.295119407,Spanish
2,NA,0.177347769,Spanish
NA,1,2.326745946,Spanish
2,NA,1.43190226,Spanish
NA,1,0.303048956,Spanish
1,NA,2.326745946,Spanish
NA,2,0.428106447,Spanish
1,NA,0.420280078,Spanish
1,NA,1.151049468,Spanish
NA,2,0.546308357,Spanish
NA,2,2.326745946,Spanish
NA,2,1.00068496,Spanish
NA,2,0.125985851,Spanish
NA,2,0.206802515,Spanish
1,NA,1.135418565,Spanish
NA,2,0.20890979,Spanish
NA,2,1.556337924,Spanish
1,NA,4.321578144,Spanish
NA,2,0.69937619,Spanish
1,NA,0.91106313,Spanish
2,NA,0.263189066,Spanish
NA,1,1.320419799,Spanish
NA,1,0.759470528,Spanish
1,NA,1.446714246,Spanish
NA,1,2.476719227,Spanish
NA,2,1.248232066,Spanish
NA,1,1.992270386,Spanish
2,NA,1.446714246,Spanish
2,NA,0.125541339,Spanish
2,NA,1.891117323,Spanish
2,NA,1.248232066,Spanish
NA,1,1.3036604,Spanish
1,NA,1.00068496,Spanish
2,NA,1.3886337,Spanish
NA,2,0.547490305,Spanish
NA,1,0.667542791,Spanish
NA,NA,0.83447948,Spanish
2,NA,0.530756013,Spanish
2,NA,1.20942577,Spanish
NA,1,1.320419799,Spanish
2,NA,1.321607428,Spanish
2,NA,10.00640967,Spanish
2,NA,0.562200797,Spanish
NA,1,0.8604811,Spanish
2,NA,1.135418565,Spanish
1,NA,0.472541695,Spanish
NA,2,0.705206185,Spanish
3,NA,4.761023281,Spanish
NA,1,0.472541695,Spanish
2,NA,0.808973234,Spanish
2,NA,0.133724192,Spanish
1,NA,0.581917035,Spanish
NA,2,2.713182778,Spanish
2,NA,0.91656773,Spanish
3,NA,0.744961914,Spanish
NA,1,0.759470528,Spanish
2,NA,2.077147675,Spanish
NA,1,0.667542791,Spanish
2,NA,1.43190226,Spanish
NA,1,6.282246317,Spanish
NA,2,0.293712752,Spanish
NA,3,2.89002952,Spanish
2,NA,1.320419799,Spanish
NA,3,2.212537299,Spanish
2,NA,2.919478331,Spanish
3,NA,0.91106313,Spanish
NA,1,1.647062162,Spanish
NA,2,0.306900735,Spanish
NA,2,0.709004253,Spanish
NA,2,0.8604811,Spanish
NA,1,1.252191568,Spanish
2,NA,0.644925421,Spanish
NA,2,0.91106313,Spanish
NA,1,0.6266945,Spanish
2,NA,0.872327037,Spanish
1,NA,1.30710071,Spanish
1,NA,0.783415996,Spanish
NA,1,2.478404523,Spanish
2,NA,1.517489928,Spanish
1,NA,0.186306869,Spanish
NA,2,0.793487316,Spanish
NA,2,0.562200797,Spanish
2,NA,2.843087542,Spanish
NA,1,0.310027991,Spanish
NA,2,1.891117323,Spanish
NA,3,0.449733154,Spanish
NA,1,0.456392907,Spanish
NA,2,0.283967146,Spanish
NA,2,1.080657493,Spanish
1,NA,0.69937619,Spanish
2,NA,0.38755867,Spanish
NA,2,1.425944835,Spanish
1,NA,0.744961914,Spanish
1,NA,0.38755867,Spanish
NA,1,0.638420051,Spanish
1,NA,1.210513567,Spanish
2,NA,0.38178762,Spanish
3,NA,0.83447948,Spanish
NA,1,0.43796548,Spanish
NA,2,0.447674164,Spanish
2,NA,1.915428862,Spanish
2,NA,0.472541695,Spanish
3,NA,2.077147675,Spanish
2,NA,1.120931218,Spanish
NA,1,0.144523947,Spanish
NA,3,0.472541695,Spanish
2,NA,0.794201005,Spanish
3,NA,0.69937619,Spanish
2,NA,0.318950204,Spanish
2,NA,2.212537299,Spanish
2,NA,0.472541695,Spanish
NA,3,2.077147675,Spanish
1,NA,1.525234434,Spanish
NA,1,0.270260681,Spanish
3,NA,0.982989152,Spanish
NA,3,1.3036604,Spanish
NA,1,0.744961914,Spanish
1,NA,2.077147675,Spanish
2,NA,0.486140847,Spanish
NA,2,0.83447948,Spanish
NA,3,1.3036604,Spanish
NA,1,0.783415996,Spanish
1,NA,0.186306869,Spanish
NA,2,0.303048956,Spanish
NA,3,0.91656773,Spanish
NA,2,0.63532198,Spanish
2,NA,0.83447948,Spanish
1,NA,1.20942577,Spanish
2,NA,0.8604811,Spanish
3,NA,1.00068496,Spanish
1,NA,0.749780081,Spanish
NA,1,0.426065924,Spanish
3,NA,1.320419799,Spanish
2,NA,1.992270386,Spanish
1,NA,2.964665727,Spanish
NA,2,1.43190226,Spanish
1,NA,6.282246317,Spanish
NA,2,0.38755867,Spanish
NA,2,1.43190226,Spanish
2,NA,1.210513567,Spanish
NA,2,0.590713215,Spanish
1,NA,0.83447948,Spanish
2,NA,0.420280078,Spanish
NA,2,0.856901071,Spanish
NA,2,0.547490305,Spanish
NA,2,0.310027991,Spanish
NA,2,2.919478331,Spanish
NA,2,0.685478968,Spanish
2,NA,0.263189066,Spanish
1,NA,0.785483401,Spanish
1,NA,0.310027991,Spanish
NA,2,2.919478331,Spanish
NA,2,0.456392907,Spanish
NA,2,2.325400564,Spanish
NA,2,0.982989152,Spanish
2,NA,0.20890979,Spanish
NA,3,0.548972364,Spanish
NA,2,1.43190226,Spanish
NA,1,0.8604811,Spanish
1,NA,0.8604811,Spanish
NA,2,0.982989152,Spanish
2,NA,0.55456628,Spanish
NA,3,0.188907394,Spanish
NA,2,0.808973234,Spanish
NA,1,0.472541695,Spanish
1,NA,0.222526645,Spanish
NA,2,0.91106313,Spanish
NA,2,0.383649362,Spanish
2,NA,0.83447948,Spanish
NA,2,1.43190226,Spanish
NA,2,2.08373657,Spanish
NA,2,1.252191568,Spanish
1,NA,0.83447948,Spanish
NA,2,1.151049468,Spanish
NA,2,0.293712752,Spanish
NA,1,2.638153144,Spanish
3,NA,0.8604811,Spanish
NA,3,0.8604811,Spanish
NA,2,0.8604811,Spanish
NA,2,0.472541695,Spanish
2,NA,0.310027991,Spanish
1,NA,0.91106313,Spanish
3,NA,1.00068496,Spanish
NA,1,1.120931218,Spanish
2,NA,0.215205537,Spanish
1,NA,2.012571215,Spanish
2,NA,0.38755867,Spanish
NA,1,1.00068496,Spanish
NA,3,0.43796548,Spanish
3,NA,0.91106313,Spanish
NA,2,1.20942577,Spanish
NA,2,0.922838061,Spanish
2,NA,0.486140847,Spanish
3,NA,0.97307373,Spanish
NA,3,0.530756013,Spanish
NA,2,0.472541695,Spanish
1,NA,0.91656773,Spanish
3,NA,1.210513567,Spanish
2,NA,0.982989152,Spanish
NA,2,0.667542791,Spanish
1,NA,1.525234434,Spanish
1,NA,0.411928742,Spanish
2,NA,1.43190226,Spanish
NA,1,0.590713215,Spanish
2,NA,1.320419799,Spanish
NA,2,0.263189066,Spanish
NA,3,2.843087542,Spanish
NA,2,0.804465565,Spanish
1,NA,0.601347256,Spanish
1,NA,1.210513567,Spanish
2,NA,0.804465565,Spanish
2,NA,0.186306869,Spanish
NA,2,0.982989152,Spanish
NA,3,1.00068496,Spanish
NA,2,0.783415996,Spanish
1,NA,0.547490305,Spanish
NA,2,1.123965585,Spanish
NA,1,1.20942577,Spanish
NA,1,0.530756013,Spanish
NA,2,0.449733154,Spanish
NA,2,1.43190226,Spanish
3,NA,0.158323047,Spanish
2,NA,1.451614748,Spanish
NA,1,1.135418565,Spanish
NA,2,0.547490305,Spanish
NA,2,0.383649362,Spanish
2,NA,0.590713215,Spanish
NA,2,1.43190226,Spanish
1,NA,0.8604811,Spanish
NA,2,0.486140847,Spanish
2,NA,0.37660306,Spanish
2,NA,0.856901071,Spanish
NA,1,0.263189066,Spanish
1,NA,0.401150254,Spanish
NA,2,0.547490305,Spanish
2,NA,0.922838061,Spanish
NA,2,1.603965293,Spanish
3,NA,1.00068496,Spanish
2,NA,0.872327037,Spanish
NA,2,0.449733154,Spanish
3,NA,0.794201005,Spanish
2,NA,1.647062162,Spanish
NA,3,1.120931218,Spanish
3,NA,2.740829557,Spanish
NA,2,1.647062162,Spanish
2,NA,0.609667162,Spanish
NA,1,1.891117323,Spanish
NA,2,1.556337924,Spanish
NA,3,1.891117323,Spanish
NA,2,0.6370418,Spanish
3,NA,1.630448228,Spanish
1,NA,0.270260681,Spanish
NA,1,1.870359339,Spanish
2,NA,0.6266945,Spanish
2,NA,0.192026428,Spanish
1,NA,0.186306869,Spanish
NA,2,1.541011874,Spanish
NA,1,2.235424386,Spanish
2,NA,2.638153144,Spanish
NA,2,0.401150254,Spanish
NA,2,1.20942577,Spanish
NA,2,0.8604811,Spanish
2,NA,0.472541695,Spanish
1,NA,0.266590623,Spanish
NA,2,0.8604811,Spanish
NA,1,0.38755867,Spanish
3,NA,0.6266945,Spanish
NA,1,0.472541695,Spanish
2,NA,0.982989152,Spanish
NA,2,0.909096284,Spanish
2,NA,0.530756013,Spanish
1,NA,1.197226278,Spanish
NA,2,0.55456628,Spanish
2,NA,0.488759082,Spanish
NA,2,1.00068496,Spanish
2,NA,0.796350911,Spanish
NA,2,2.705858006,Spanish
NA,3,0.83447948,Spanish
NA,3,0.685478968,Spanish
1,NA,0.206244211,Spanish
NA,2,0.487703926,Spanish
NA,1,6.167147325,Spanish
2,NA,0.8604811,Spanish
1,NA,8.938154953,Spanish
NA,1,1.248232066,Spanish
NA,1,0.643533126,Spanish
NA,2,0.804465565,Spanish
NA,2,0.180275943,Spanish
2,NA,2.740829557,Spanish
2,NA,0.299992098,Spanish
2,NA,0.20890979,Spanish
NA,2,0.20890979,Spanish
1,NA,0.794201005,Spanish
3,NA,0.428106447,Spanish
1,NA,0.796350911,Spanish
NA,1,1.647062162,Spanish
NA,2,0.609667162,Spanish
NA,2,1.248232066,Spanish
2,NA,0.55456628,Spanish
NA,3,0.45601066,Spanish
1,NA,0.609667162,Spanish
1,NA,0.263189066,Spanish
2,NA,1.014529879,Spanish
NA,1,0.982989152,Spanish
1,NA,0.316343584,Spanish
NA,2,0.186306869,Spanish
NA,2,1.647062162,Spanish
2,NA,1.889417919,Spanish
1,NA,0.8604811,Spanish
1,NA,2.740829557,Spanish
2,NA,0.184427589,Spanish
NA,1,1.248232066,Spanish
2,NA,0.982989152,Spanish
3,NA,4.761023281,Spanish
3,NA,0.487703926,Spanish
NA,2,1.451614748,Spanish
2,NA,0.97307373,Spanish
NA,1,1.43190226,Spanish
2,NA,1.136439798,Spanish
1,NA,0.667542791,Spanish
NA,2,0.644925421,Spanish
2,NA,0.449733154,Spanish
2,NA,0.590713215,Spanish
NA,2,0.182112918,Spanish
NA,2,0.43796548,Spanish
3,NA,1.248232066,Spanish
NA,2,0.590713215,Spanish
1,NA,0.38755867,Spanish
NA,1,1.20942577,Spanish
NA,1,0.69937619,Spanish
NA,3,0.420280078,Spanish
1,NA,0.486140847,Spanish
NA,1,0.186306869,Spanish
2,NA,0.420280078,Spanish
NA,2,0.186306869,Spanish
NA,1,0.401150254,Spanish
2,NA,1.647062162,Spanish
2,NA,0.547490305,Spanish
1,NA,0.83447948,Spanish
NA,3,0.856901071,Spanish
NA,3,0.303048956,Spanish
1,NA,0.662053195,Spanish
2,NA,1.135418565,Spanish
NA,1,0.674406374,Spanish
3,NA,1.248232066,Spanish
2,NA,0.886404189,Spanish
1,NA,0.293712752,Spanish
3,NA,0.101343366,Spanish
2,NA,0.681278438,Spanish
2,NA,0.37660306,Spanish
NA,2,0.401150254,Spanish
NA,3,0.160502623,Spanish
NA,2,0.962417739,Spanish
3,NA,1.135418565,Spanish
NA,2,0.8604811,Spanish
NA,2,0.443625915,Spanish
NA,1,1.630448228,Spanish
2,NA,0.38755867,Spanish
NA,2,0.401150254,Spanish
NA,2,2.713182778,Spanish
NA,2,0.38672199,Spanish
1,NA,0.303048956,Spanish
NA,2,0.804465565,Spanish
NA,2,1.272866397,Spanish
NA,3,1.451614748,Spanish
NA,3,0.096451747,Spanish
NA,2,1.248232066,Spanish
NA,1,0.38672199,Spanish
1,NA,2.014381388,Spanish
1,NA,0.662053195,Spanish
1,NA,1.248232066,Spanish
2,NA,2.740829557,Spanish
2,NA,0.428106447,Spanish
2,NA,0.909096284,Spanish
NA,2,1.248232066,Spanish
NA,1,1.136439798,Spanish
1,NA,0.38755867,Spanish
2,NA,6.167147325,Spanish
NA,2,2.740829557,Spanish
3,NA,6.773813326,Spanish
1,NA,0.138014939,Spanish
2,NA,0.383649362,Spanish
2,NA,0.872327037,Spanish
2,NA,0.138014939,Spanish
2,NA,0.314355451,Spanish
NA,2,0.211785777,Spanish
2,NA,0.283967146,Spanish
1,NA,0.383649362,Spanish
NA,2,0.38178762,Spanish
3,NA,1.248232066,Spanish
2,NA,0.206802515,Spanish
NA,2,0.303048956,Spanish
NA,2,0.177347769,Spanish
NA,2,1.136439798,Spanish
2,NA,1.396103509,Spanish
3,NA,0.662053195,Spanish
2,NA,1.647062162,Spanish
3,NA,0.8604811,Spanish
NA,1,0.401150254,Spanish
2,NA,0.982989152,Spanish
2,NA,1.915428862,Spanish
NA,2,0.83447948,Spanish
NA,2,1.338688392,Spanish
NA,2,0.138014939,Spanish
NA,1,0.909096284,Spanish
NA,2,1.101703996,Spanish
NA,2,0.935542444,Spanish
2,NA,0.783415996,Spanish
NA,NA,1.525234434,Spanish
2,NA,1.014529879,Spanish
NA,2,0.744961914,Spanish
2,NA,0.095141961,Spanish
NA,2,0.547490305,Spanish
1,NA,1.889417919,Spanish
2,NA,1.992270386,Spanish
NA,1,0.37660306,Spanish
NA,2,0.793487316,Spanish
2,NA,0.91106313,Spanish
NA,1,0.283967146,Spanish
1,NA,0.211785777,Spanish
1,NA,0.229666757,Spanish
NA,2,0.401150254,Spanish
2,NA,0.804465565,Spanish
NA,2,0.97307373,Spanish
NA,2,0.694617506,Spanish
2,NA,8.938154953,Spanish
NA,1,0.982989152,Spanish
NA,2,0.91106313,Spanish
1,NA,0.6266945,Spanish
2,NA,0.935542444,Spanish
1,NA,0.8604811,Spanish
NA,2,0.29918221,Spanish
NA,2,1.135418565,Spanish
NA,2,0.38755867,Spanish
NA,1,0.55456628,Spanish
1,NA,0.793487316,Spanish
2,NA,0.37660306,Spanish
NA,1,0.562200797,Spanish
1,NA,3.871872116,Spanish
1,NA,0.257264422,Spanish
NA,2,0.8604811,Spanish
2,NA,0.472541695,Spanish
2,NA,0.295119407,Spanish
NA,2,1.135418565,Spanish
NA,3,0.590713215,Spanish
3,NA,0.8604811,Spanish
2,NA,0.974475991,Spanish
2,NA,1.135418565,Spanish
NA,2,0.20890979,Spanish
1,NA,1.248232066,Spanish
NA,2,0.383649362,Spanish
1,NA,0.29918221,Spanish
2,NA,0.759470528,Spanish
NA,2,1.647062162,Spanish
NA,2,0.202036676,Spanish
1,NA,0.793487316,Spanish
1,NA,0.443625915,Spanish
2,NA,0.20890979,Spanish
NA,2,0.8604811,Spanish
3,NA,0.293712752,Spanish
NA,2,0.37660306,Spanish
1,NA,0.20890979,Spanish
NA,2,1.626046511,Spanish
NA,2,2.012571215,Spanish
1,NA,0.793487316,Spanish
1,NA,1.123965585,Spanish
1,NA,1.626046511,Spanish
3,NA,1.014529879,Spanish
2,NA,0.123939497,Spanish
3,NA,0.095141961,Spanish
NA,2,0.125541339,Spanish
2,NA,0.266590623,Spanish
NA,1,0.293712752,Spanish
NA,3,0.601347256,Spanish
NA,2,0.186306869,Spanish
NA,1,0.601347256,Spanish
2,NA,1.647062162,Spanish
NA,1,1.320419799,Spanish
1,NA,0.411928742,Spanish
2,NA,0.222526645,Spanish
NA,1,0.125541339,Spanish
NA,2,1.896107909,Spanish
1,NA,0.783415996,Spanish
NA,2,1.896107909,Spanish
NA,2,0.55456628,Spanish
NA,2,0.303048956,Spanish
NA,1,1.3036604,Spanish
NA,1,0.407773612,Spanish
NA,2,1.43190226,Spanish
1,NA,1.891117323,Spanish
NA,1,0.55456628,Spanish
2,NA,2.014381388,Spanish
NA,2,0.345879029,Spanish
1,NA,0.872327037,Spanish
2,NA,1.870359339,Spanish
NA,3,0.488759082,Spanish
NA,1,0.749780081,Spanish
NA,2,0.547490305,Spanish
NA,NA,0.8604811,Spanish
NA,1,0.935542444,Spanish
NA,2,0.83447948,Spanish
1,NA,0.91106313,Spanish
NA,1,0.674406374,Spanish
NA,2,0.744961914,Spanish
NA,2,0.935542444,Spanish
1,NA,0.8604811,Spanish
NA,2,1.210513567,Spanish
2,NA,1.70851263,Spanish
2,NA,1.248232066,Spanish
1,NA,2.89002952,Spanish
3,NA,0.935542444,Spanish
NA,2,0.451789267,Spanish
NA,2,0.20890979,Spanish
1,NA,2.919478331,Spanish
NA,1,0.345879029,Spanish
2,NA,0.935258925,Spanish
1,NA,1.30710071,Spanish
2,NA,2.325400564,Spanish
1,NA,0.336203517,Spanish
2,NA,0.266590623,Spanish
1,NA,0.138014939,Spanish
NA,2,0.303048956,Spanish
NA,1,0.095141961,Spanish
NA,3,0.681278438,Spanish
3,NA,1.248232066,Spanish
NA,1,0.643533126,Spanish
2,NA,1.135418565,Spanish
NA,3,0.110644068,Spanish
NA,2,1.647062162,Spanish
NA,2,1.3036604,Spanish
2,NA,2.669113275,Spanish
1,NA,0.6266945,Spanish
NA,1,2.740829557,Spanish
2,NA,0.785483401,Spanish
2,NA,0.909096284,Spanish
NA,2,0.182112918,Spanish
NA,2,0.804465565,Spanish
NA,2,0.609667162,Spanish
NA,2,0.796350911,Spanish
2,NA,0.38672199,Spanish
NA,2,1.451614748,Spanish
NA,2,0.182112918,Spanish
NA,1,0.988276897,Spanish
2,NA,1.630448228,Spanish
2,NA,1.451614748,Spanish
NA,1,1.325185027,Spanish
1,NA,0.872327037,Spanish
NA,2,4.365614143,Spanish
NA,1,1.647062162,Spanish
2,NA,0.229666757,Spanish
1,NA,0.257264422,Spanish
2,NA,0.303048956,Spanish
NA,2,0.935542444,Spanish
1,NA,0.211785777,Spanish
2,NA,0.443625915,Spanish
2,NA,1.123965585,Spanish
1,NA,0.605518874,Spanish
2,NA,0.547490305,Spanish
2,NA,0.160502623,Spanish
NA,2,2.326745946,Spanish
1,NA,1.072876915,Spanish
NA,2,0.988276897,Spanish
2,NA,1.603965293,Spanish
NA,1,0.20890979,Spanish
NA,2,0.922838061,Spanish
2,NA,1.151049468,Spanish
NA,2,1.603965293,Spanish
NA,1,1.70851263,Spanish
NA,2,0.638420051,Spanish
NA,1,1.248232066,Spanish
2,NA,0.546308357,Spanish
NA,2,1.320419799,Spanish
2,NA,0.439151055,Spanish
2,NA,1.135418565,Spanish
NA,NA,0.783415996,Spanish
NA,1,0.125541339,Spanish
NA,1,0.476111467,Spanish
2,NA,0.55456628,Spanish
NA,2,0.855394907,Spanish
2,NA,0.667542791,Spanish
NA,2,0.295119407,Spanish
NA,2,0.674406374,Spanish
NA,2,1.603965293,Spanish
NA,2,2.525212067,Spanish
NA,2,6.282246317,Spanish
2,NA,1.136439798,Spanish
1,NA,0.8604811,Spanish
1,NA,6.773813326,Spanish
NA,1,0.310027991,Spanish
1,NA,0.20890979,Spanish
1,NA,0.769925888,Spanish
NA,1,0.420280078,Spanish
2,NA,0.125541339,Spanish
2,NA,0.295119407,Spanish
2,NA,1.603965293,Spanish
NA,1,0.913529383,Spanish
1,NA,0.759470528,Spanish
2,NA,0.443625915,Spanish
NA,3,0.601347256,Spanish
NA,2,0.38755867,Spanish
2,NA,0.295119407,Spanish
NA,3,0.420280078,Spanish
NA,3,0.303048956,Spanish
1,NA,0.968351678,Spanish
NA,3,6.906440973,Spanish
NA,2,2.012571215,Spanish
1,NA,0.982989152,Spanish
2,NA,0.744961914,Spanish
1,NA,1.20942577,Spanish
NA,3,0.91656773,Spanish
2,NA,1.43190226,Spanish
NA,2,0.982989152,Spanish
1,NA,0.55456628,Spanish
1,NA,0.467775162,Spanish
NA,3,4.150326522,Spanish
NA,1,1.197226278,Spanish
NA,2,0.401150254,Spanish
NA,1,3.068403213,Spanish
NA,2,1.320419799,Spanish
NA,2,0.263189066,Spanish
3,NA,2.014381388,Spanish
2,NA,3.737144963,Spanish
NA,1,2.713182778,Spanish
NA,2,1.525234434,Spanish
2,NA,0.124275002,Spanish
2,NA,1.30710071,Spanish
NA,1,0.299992098,Spanish
2,NA,0.211785777,Spanish
NA,2,0.110644068,Spanish
1,NA,1.00068496,Spanish
NA,2,1.889417919,Spanish
NA,2,1.135418565,Spanish
NA,2,0.548972364,Spanish
2,NA,2.713182778,Spanish
1,NA,2.077147675,Spanish
NA,2,0.125541339,Spanish
2,NA,0.229666757,Spanish
NA,2,1.915428862,Spanish
2,NA,1.451614748,Spanish
NA,2,0.785483401,Spanish
2,NA,1.325185027,Spanish
1,NA,0.310027991,Spanish
1,NA,1.451614748,Spanish
NA,1,1.889417919,Spanish
NA,1,1.139438819,Spanish
1,NA,0.769925888,Spanish
NA,2,1.320419799,Spanish
NA,2,0.382821121,Spanish
NA,1,0.8604811,Spanish
3,NA,0.783415996,Spanish
1,NA,1.3036604,Spanish
NA,2,0.295119407,Spanish
1,NA,0.420280078,Spanish
NA,2,0.303048956,Spanish
1,NA,2.077147675,Spanish
2,NA,0.127269621,Spanish
2,NA,0.428106447,Spanish
2,NA,1.320419799,Spanish
2,NA,1.320419799,Spanish
NA,2,2.713182778,Spanish
NA,2,0.644925421,Spanish
NA,1,0.487703926,Spanish
NA,2,1.320419799,Spanish
1,NA,0.229666757,Spanish
1,NA,1.626046511,Spanish
NA,2,0.182112918,Spanish
2,NA,0.922838061,Spanish
2,NA,1.00068496,Spanish
2,NA,0.785483401,Spanish
2,NA,0.644925421,Spanish
3,NA,0.38178762,Spanish
NA,2,1.080657493,Spanish
NA,2,1.320419799,Spanish
NA,2,0.638420051,Spanish
NA,2,2.740829557,Spanish
NA,1,1.915428862,Spanish
NA,2,0.229666757,Spanish
2,NA,0.318950204,Spanish
2,NA,0.229666757,Spanish
NA,2,0.182112918,Spanish
NA,1,0.383649362,Spanish
NA,2,2.740829557,Spanish
2,NA,0.295119407,Spanish
NA,2,0.257264422,Spanish
NA,1,0.206244211,Spanish
NA,1,0.229666757,Spanish
NA,1,0.110644068,Spanish
1,NA,1.338688392,Spanish
2,NA,0.428106447,Spanish
NA,1,0.257264422,Spanish
2,NA,0.295119407,Spanish
1,NA,0.709004253,Spanish
1,NA,0.83447948,Spanish
NA,1,1.43190226,Spanish
1,NA,1.889417919,Spanish
NA,2,0.234955843,Spanish
1,NA,0.177347769,Spanish
2,NA,3.871872116,Spanish
1,NA,0.340831911,Spanish
2,NA,0.177347769,Spanish
NA,1,1.00068496,Spanish
1,NA,2.077147675,Spanish
2,NA,0.110644068,Spanish
2,NA,0.295119407,Spanish
1,NA,0.909096284,Spanish
NA,3,1.00068496,Spanish
2,NA,0.295119407,Spanish
NA,2,0.229666757,Spanish
2,NA,2.027121286,Spanish
2,NA,0.20890979,Spanish
2,NA,0.211785777,Spanish
NA,2,0.145996617,Spanish
2,NA,0.501739428,Spanish
2,NA,0.562200797,Spanish
NA,2,0.257264422,Spanish
NA,2,0.562200797,Spanish
2,NA,0.303048956,Spanish
NA,2,1.603965293,Spanish
1,NA,2.713182778,Spanish
NA,1,0.488759082,Spanish
1,NA,1.320419799,Spanish
NA,2,0.472541695,Spanish
NA,1,0.472541695,Spanish
1,NA,1.915428862,Spanish
2,NA,0.982989152,Spanish
NA,2,1.843912846,Spanish
2,NA,1.525234434,Spanish
1,NA,0.667542791,Spanish
2,NA,0.83447948,Spanish
1,NA,1.3036604,Spanish
3,NA,1.3886337,Spanish
1,NA,0.8604811,Spanish
2,NA,0.283967146,Spanish
NA,2,0.83447948,Spanish